29186,Ste. Genevieve County,3.5435
29187,St. Francois County,3.5891203703703702
29186,Ste. Genevieve County,3.5415
29187,St. Francois County,3.5891203703703702
